param,pearson,spearman,mae_abs,mre,true_min,true_max,rec_min,rec_max
Gamma_D2,0.953127968164174,0.9624060150375938,3.169765992457386e+20,0.11319291011756885,1.1889999819592004e+21,4.856483116822785e+21,1.047453956733271e+21,5.071612752672879e+21
Ptot_W,0.9472673482586624,0.837593984962406,931524.8125,0.11273987431228658,2020510.75,15106198.0,1141348.5,15235718.0
n_core,0.061738536410332424,0.05563909774436089,2.2368347919281468e+20,0.6959399572949049,1.4322593825568273e+20,7.471207899016987e+20,8.705725480935044e+19,7.057771120037399e+20
dna,0.8756148304961188,0.8165413533834586,0.1954491723328829,0.269631746944411,0.12392675131559372,1.959271788597107,-0.03694885969161987,1.7498462200164795
hci,0.9108381096944178,0.9067669172932331,0.14272174015641212,0.1522226320612964,0.15343378484249115,1.9474774599075317,0.09681427478790283,2.079617977142334
