param,pearson,spearman,mae_abs,mre,true_min,true_max,rec_min,rec_max
Gamma_D2,0.9562172638669565,0.928705440900563,3.887859341134263e+20,0.19659121197324972,1.0190000031813117e+21,4.971354180718311e+21,4.08625808677649e+20,5.551940793230359e+21
Ptot_W,0.9181118503970871,0.9165103189493434,913880.925,0.12739488127065607,2345031.0,15766000.0,2025202.5,15755492.0
n_core,0.7196074678575609,0.7529433846643359,1.1980852113551414e+20,0.3543392999760099,1.3589999783292751e+20,7.471207899016987e+20,1.0110229319725875e+19,7.106768876608307e+20
dna,0.9149643451936043,0.9192738881542272,0.17130067721009254,0.2138033087986381,0.14582474529743195,1.959271788597107,-0.08538740873336792,1.8869867324829102
hci,0.9243793552888852,0.9325953385183358,0.13681578785181045,0.1061983081324708,0.1860000044107437,1.972430944442749,0.16621512174606323,2.2127223014831543
