{
  "y_key": "Qi",
  "error_mode_used": "abs",
  "error_sign_used": "absolute",
  "display_scale_used": "linear",
  "n_val_samples": 73,
  "n_valid_points": 263603,
  "global_mae": 194.6325894242435,
  "global_rmse": 651.5078748357618,
  "global_pearson": 0.8617359114818196,
  "global_spearman": 0.7556447386477586,
  "p90_plot_error": 405.2623626708984,
  "p95_plot_error": 723.5942626953123,
  "p90_abs_error": 405.2623596191406,
  "p95_abs_error": 723.5938720703125,
  "p90_percent_error": 817.5675048828125,
  "p95_percent_error": 12695.7509765625,
  "mean_sample_pearson": 0.8634512109738016,
  "mean_sample_spearman": 0.7523514269085578
}