{
  "y_key": "Sp",
  "error_mode_used": "abs",
  "error_sign_used": "absolute",
  "display_scale_used": "log10",
  "n_val_samples": 73,
  "n_valid_points": 263603,
  "global_mae": 5.496181101549843e+19,
  "global_rmse": 4.4999430191568264e+20,
  "global_pearson": 0.894237589460176,
  "global_spearman": 0.9367277644314507,
  "p90_plot_error": 3.904318181379097e+19,
  "p95_plot_error": 1.1207234940599842e+20,
  "p90_abs_error": 3.904317411720954e+19,
  "p95_abs_error": 1.1207225264897524e+20,
  "p90_percent_error": 256.758056640625,
  "p95_percent_error": 14517.5478515625,
  "mean_sample_pearson": 0.8981076261867462,
  "mean_sample_spearman": 0.9387495868992214,
  "log_mae": 2.3879731349825826,
  "log_rmse": 7.343581505717241,
  "log_pearson": 0.7353806919194172,
  "log_spearman": 0.9395217967232015
}