{
  "y_key": "Sp",
  "error_mode_used": "abs",
  "error_sign_used": "absolute",
  "display_scale_used": "log10",
  "n_val_samples": 73,
  "n_valid_points": 263603,
  "global_mae": 4.898658013374613e+19,
  "global_rmse": 3.731969190086382e+20,
  "global_pearson": 0.9115333795205353,
  "global_spearman": 0.9406953510076062,
  "p90_plot_error": 3.81344655800527e+19,
  "p95_plot_error": 1.079146658124286e+20,
  "p90_abs_error": 3.813445854317825e+19,
  "p95_abs_error": 1.0791460336016818e+20,
  "p90_percent_error": 234.7745819091797,
  "p95_percent_error": 15293.1025390625,
  "mean_sample_pearson": 0.9164270321914417,
  "mean_sample_spearman": 0.9418697925800961
}