{
  "y_key": "ni",
  "error_mode_used": "abs",
  "error_sign_used": "absolute",
  "display_scale_used": "log10",
  "n_val_samples": 73,
  "n_valid_points": 263603,
  "global_mae": 4.0044442188784727e+18,
  "global_rmse": 1.2902039393193226e+19,
  "global_pearson": 0.9807497606430238,
  "global_spearman": 0.9606502282307996,
  "p90_plot_error": 8.047934293329681e+18,
  "p95_plot_error": 1.4758144686093132e+19,
  "p90_abs_error": 8.047934183378518e+18,
  "p95_abs_error": 1.4758142047265227e+19,
  "p90_percent_error": 28.53327178955078,
  "p95_percent_error": 53.89137649536133,
  "mean_sample_pearson": 0.9857171577617536,
  "mean_sample_spearman": 0.9717960309458091
}