{
  "y_key": "ua",
  "error_mode_used": "abs",
  "error_sign_used": "absolute",
  "display_scale_used": "linear",
  "n_val_samples": 73,
  "n_valid_points": 263603,
  "global_mae": 1152.6749867799817,
  "global_rmse": 2079.9026799354237,
  "global_pearson": 0.9789542655430914,
  "global_spearman": 0.9777877934226344,
  "p90_plot_error": 2653.210949707032,
  "p95_plot_error": 4083.3775390624983,
  "p90_abs_error": 2653.2109375,
  "p95_abs_error": 4083.37451171875,
  "p90_percent_error": 108.00968170166016,
  "p95_percent_error": 255.66693115234375,
  "mean_sample_pearson": 0.9859525987779835,
  "mean_sample_spearman": 0.9805412788662602
}