{
  "y_key": "ua",
  "error_mode_used": "abs",
  "error_sign_used": "absolute",
  "display_scale_used": "linear",
  "n_val_samples": 73,
  "n_valid_points": 263603,
  "global_mae": 1374.5029978353396,
  "global_rmse": 2429.725042154599,
  "global_pearson": 0.9708058369796402,
  "global_spearman": 0.9675441711864449,
  "p90_plot_error": 3113.6509826660167,
  "p95_plot_error": 4896.177050781249,
  "p90_abs_error": 3113.650634765625,
  "p95_abs_error": 4896.17578125,
  "p90_percent_error": 129.6595001220703,
  "p95_percent_error": 315.5914001464844,
  "mean_sample_pearson": 0.9810169549630579,
  "mean_sample_spearman": 0.9714486789594076,
  "log_mae": 1.093747541377109,
  "log_rmse": 3.8798173391436537,
  "log_pearson": 0.8778889797672553,
  "log_spearman": 0.9409912423887372
}