{
  "y_key": "ne",
  "error_mode_used": "abs",
  "error_sign_used": "absolute",
  "display_scale_used": "log10",
  "n_val_samples": 73,
  "n_valid_points": 263603,
  "global_mae": 4.3366874780024223e+18,
  "global_rmse": 1.342959683294594e+19,
  "global_pearson": 0.976216309289166,
  "global_spearman": 0.9439518890187443,
  "p90_plot_error": 8.948068399008502e+18,
  "p95_plot_error": 1.6170926088222497e+19,
  "p90_abs_error": 8.948068069155013e+18,
  "p95_abs_error": 1.6170897940724842e+19,
  "p90_percent_error": 32.07316970825195,
  "p95_percent_error": 61.57322311401367,
  "mean_sample_pearson": 0.9828529211330171,
  "mean_sample_spearman": 0.9570485008437363,
  "log_mae": 0.07270692376898603,
  "log_rmse": 0.1772003536947294,
  "log_pearson": 0.9375279287097708,
  "log_spearman": 0.9439518890187443
}