{
  "y_key": "ne",
  "error_mode_used": "abs",
  "error_sign_used": "absolute",
  "display_scale_used": "log10",
  "n_val_samples": 73,
  "n_valid_points": 263603,
  "global_mae": 3.847521235233835e+18,
  "global_rmse": 1.2311084573827635e+19,
  "global_pearson": 0.9804288744619646,
  "global_spearman": 0.9613038767369245,
  "p90_plot_error": 7.833522489038947e+18,
  "p95_plot_error": 1.4231328203197747e+19,
  "p90_abs_error": 7.833521719380804e+18,
  "p95_abs_error": 1.4231323145444262e+19,
  "p90_percent_error": 27.648418426513672,
  "p95_percent_error": 51.44505310058594,
  "mean_sample_pearson": 0.9853872233586866,
  "mean_sample_spearman": 0.9718624175008456
}