{
  "y_key": "Qe",
  "error_mode_used": "abs",
  "error_sign_used": "absolute",
  "display_scale_used": "linear",
  "n_val_samples": 73,
  "n_valid_points": 263603,
  "global_mae": 148.42547596564236,
  "global_rmse": 1168.86598114605,
  "global_pearson": 0.9487739680994985,
  "global_spearman": 0.9694093344339195,
  "p90_plot_error": 125.24057617187505,
  "p95_plot_error": 345.2862548828123,
  "p90_abs_error": 125.24057006835938,
  "p95_abs_error": 345.285888671875,
  "p90_percent_error": 593.482421875,
  "p95_percent_error": 41543.75,
  "mean_sample_pearson": 0.9627543245206743,
  "mean_sample_spearman": 0.9707761616691298
}