{
  "y_key": "Ti",
  "error_mode_used": "abs",
  "error_sign_used": "absolute",
  "display_scale_used": "linear",
  "n_val_samples": 73,
  "n_valid_points": 263603,
  "global_mae": 34.21317202667062,
  "global_rmse": 104.10045093038201,
  "global_pearson": 0.96602502799555,
  "global_spearman": 0.990593996976607,
  "p90_plot_error": 75.59641113281256,
  "p95_plot_error": 153.9393310546875,
  "p90_abs_error": 75.59639739990234,
  "p95_abs_error": 153.93931579589844,
  "p90_percent_error": 30.497909545898438,
  "p95_percent_error": 45.70893859863281,
  "mean_sample_pearson": 0.9976560055048305,
  "mean_sample_spearman": 0.9968194587081032
}