{
  "y_key": "Ti",
  "error_mode_used": "abs",
  "error_sign_used": "absolute",
  "display_scale_used": "linear",
  "n_val_samples": 73,
  "n_valid_points": 263603,
  "global_mae": 34.605235317919934,
  "global_rmse": 102.69701354621574,
  "global_pearson": 0.970786209904822,
  "global_spearman": 0.9884725537590235,
  "p90_plot_error": 81.22567138671879,
  "p95_plot_error": 147.5942108154296,
  "p90_abs_error": 81.22566223144531,
  "p95_abs_error": 147.5940704345703,
  "p90_percent_error": 37.67694091796875,
  "p95_percent_error": 53.65507888793945,
  "mean_sample_pearson": 0.9960000836323026,
  "mean_sample_spearman": 0.9956076279492014,
  "log_mae": 0.07228566026574519,
  "log_rmse": 0.12315716701796926,
  "log_pearson": 0.9879917912790394,
  "log_spearman": 0.9884725537590235
}