{
  "y_key": "Qe",
  "error_mode_used": "abs",
  "error_sign_used": "absolute",
  "display_scale_used": "linear",
  "n_val_samples": 73,
  "n_valid_points": 263603,
  "global_mae": 169.01336583315285,
  "global_rmse": 1314.8312068455089,
  "global_pearson": 0.9372321603709403,
  "global_spearman": 0.9653941339623674,
  "p90_plot_error": 140.00527343750002,
  "p95_plot_error": 391.7933410644531,
  "p90_abs_error": 140.00526428222656,
  "p95_abs_error": 391.79327392578125,
  "p90_percent_error": 551.6034545898438,
  "p95_percent_error": 51145.9140625,
  "mean_sample_pearson": 0.9501769066818283,
  "mean_sample_spearman": 0.9680507526892691,
  "log_mae": 1.2052810447464908,
  "log_rmse": 3.8383672936985156,
  "log_pearson": 0.00635331933615754,
  "log_spearman": 0.006510541191977108
}