{
  "y_key": "Te",
  "error_mode_used": "abs",
  "error_sign_used": "absolute",
  "display_scale_used": "linear",
  "n_val_samples": 73,
  "n_valid_points": 263603,
  "global_mae": 33.4236869492572,
  "global_rmse": 140.47666639457842,
  "global_pearson": 0.9535815039890412,
  "global_spearman": 0.9958185242270807,
  "p90_plot_error": 74.58005371093758,
  "p95_plot_error": 161.91987152099608,
  "p90_abs_error": 74.58003997802734,
  "p95_abs_error": 161.91986083984375,
  "p90_percent_error": 27.81334114074707,
  "p95_percent_error": 41.29307174682617,
  "mean_sample_pearson": 0.9957683531570661,
  "mean_sample_spearman": 0.997788529119189,
  "log_mae": 0.05554425882978147,
  "log_rmse": 0.08951526878289844,
  "log_pearson": 0.9942743772783394,
  "log_spearman": 0.9958185242270807
}