{
  "y_key": "Te",
  "error_mode_used": "abs",
  "error_sign_used": "absolute",
  "display_scale_used": "linear",
  "n_val_samples": 73,
  "n_valid_points": 263603,
  "global_mae": 25.946917407151414,
  "global_rmse": 109.62429661020535,
  "global_pearson": 0.9600805628961225,
  "global_spearman": 0.9960141493918059,
  "p90_plot_error": 50.10918579101563,
  "p95_plot_error": 112.97479248046875,
  "p90_abs_error": 50.10918426513672,
  "p95_abs_error": 112.97478485107422,
  "p90_percent_error": 24.333370208740234,
  "p95_percent_error": 39.828643798828125,
  "mean_sample_pearson": 0.9972115133398903,
  "mean_sample_spearman": 0.9983758830094616
}