{
  "y_key": "ni",
  "error_mode_used": "abs",
  "error_sign_used": "absolute",
  "display_scale_used": "log10",
  "n_val_samples": 73,
  "n_valid_points": 263603,
  "global_mae": 4.3592275496016625e+18,
  "global_rmse": 1.3531470847237302e+19,
  "global_pearson": 0.9752898042481425,
  "global_spearman": 0.943847394637975,
  "p90_plot_error": 8.916356724444866e+18,
  "p95_plot_error": 1.5990202000792877e+19,
  "p90_abs_error": 8.916351556740186e+18,
  "p95_abs_error": 1.5990197602746368e+19,
  "p90_percent_error": 31.80146026611328,
  "p95_percent_error": 61.26308059692383,
  "mean_sample_pearson": 0.982348522350013,
  "mean_sample_spearman": 0.9575330025923929,
  "log_mae": 0.0731622748832973,
  "log_rmse": 0.1769747411656993,
  "log_pearson": 0.9377403758487037,
  "log_spearman": 0.943847394637975
}