{
  "y_key": "Sm",
  "error_mode_used": "abs",
  "error_sign_used": "absolute",
  "display_scale_used": "linear",
  "n_val_samples": 73,
  "n_valid_points": 263603,
  "global_mae": 0.03383189089273442,
  "global_rmse": 0.22228380937345305,
  "global_pearson": 0.7213319639779311,
  "global_spearman": 0.551845660481641,
  "p90_plot_error": 0.03843192823114807,
  "p95_plot_error": 0.08039398714900016,
  "p90_abs_error": 0.03843192756175995,
  "p95_abs_error": 0.08039397746324539,
  "p90_percent_error": 173.35678100585938,
  "p95_percent_error": 268.4089660644531,
  "mean_sample_pearson": 0.7500181049360121,
  "mean_sample_spearman": 0.551247286103827,
  "log_mae": 3.1128450662113423,
  "log_rmse": 5.2293929448533545,
  "log_pearson": 0.4104529517219978,
  "log_spearman": 0.5013520264781353
}