y_key,global_mae,global_rmse,global_pearson,global_spearman,error_mode_used,error_sign_used,display_scale_used,p90_plot_error,p95_plot_error,p90_abs_error,p95_abs_error,p90_percent_error,p95_percent_error
Te,25.946917407151414,109.62429661020535,0.9600805628961225,0.9960141493918059,abs,absolute,linear,50.10918579101563,112.97479248046875,50.10918426513672,112.97478485107422,24.333370208740234,39.828643798828125
Ti,34.21317202667062,104.10045093038201,0.96602502799555,0.990593996976607,abs,absolute,linear,75.59641113281256,153.9393310546875,75.59639739990234,153.93931579589844,30.497909545898438,45.70893859863281
ne,3.847521235233835e+18,1.2311084573827635e+19,0.9804288744619646,0.9613038767369245,abs,absolute,log10,7.833522489038947e+18,1.4231328203197747e+19,7.833521719380804e+18,1.4231323145444262e+19,27.648418426513672,51.44505310058594
ni,4.0044442188784727e+18,1.2902039393193226e+19,0.9807497606430238,0.9606502282307996,abs,absolute,log10,8.047934293329681e+18,1.4758144686093132e+19,8.047934183378518e+18,1.4758142047265227e+19,28.53327178955078,53.89137649536133
ua,1152.6749867799817,2079.9026799354237,0.9789542655430914,0.9777877934226344,abs,absolute,linear,2653.210949707032,4083.3775390624983,2653.2109375,4083.37451171875,108.00968170166016,255.66693115234375
Sp,4.898658013374613e+19,3.731969190086382e+20,0.9115333795205353,0.9406953510076062,abs,absolute,log10,3.81344655800527e+19,1.079146658124286e+20,3.813445854317825e+19,1.0791460336016818e+20,234.7745819091797,15293.1025390625
Qe,148.42547596564236,1168.86598114605,0.9487739680994985,0.9694093344339195,abs,absolute,linear,125.24057617187505,345.2862548828123,125.24057006835938,345.285888671875,593.482421875,41543.75
Qi,194.6325894242435,651.5078748357618,0.8617359114818196,0.7556447386477586,abs,absolute,linear,405.2623626708984,723.5942626953123,405.2623596191406,723.5938720703125,817.5675048828125,12695.7509765625
Sm,0.03290947139180671,0.2186385894009565,0.7378414501515949,0.5585347275872565,abs,absolute,linear,0.03749842129182071,0.07662246935069561,0.03749842196702957,0.07662246376276016,178.9244384765625,278.8758850097656
