{
  "y_key": "Sm",
  "error_mode_used": "abs",
  "error_sign_used": "absolute",
  "display_scale_used": "linear",
  "n_val_samples": 73,
  "n_valid_points": 263603,
  "global_mae": 0.03290947139180671,
  "global_rmse": 0.2186385894009565,
  "global_pearson": 0.7378414501515949,
  "global_spearman": 0.5585347275872565,
  "p90_plot_error": 0.03749842129182071,
  "p95_plot_error": 0.07662246935069561,
  "p90_abs_error": 0.03749842196702957,
  "p95_abs_error": 0.07662246376276016,
  "p90_percent_error": 178.9244384765625,
  "p95_percent_error": 278.8758850097656,
  "mean_sample_pearson": 0.7681543667906807,
  "mean_sample_spearman": 0.5588040734452274
}