{
  "y_key": "Qi",
  "error_mode_used": "abs",
  "error_sign_used": "absolute",
  "display_scale_used": "linear",
  "n_val_samples": 73,
  "n_valid_points": 263603,
  "global_mae": 202.11672073521643,
  "global_rmse": 669.8368506681644,
  "global_pearson": 0.8529688204181852,
  "global_spearman": 0.7491748584754369,
  "p90_plot_error": 424.3180786132818,
  "p95_plot_error": 767.7106445312498,
  "p90_abs_error": 424.3179931640625,
  "p95_abs_error": 767.7103881835938,
  "p90_percent_error": 822.3259887695312,
  "p95_percent_error": 13360.751953125,
  "mean_sample_pearson": 0.855258936889771,
  "mean_sample_spearman": 0.7461094983651532,
  "log_mae": 2.98696151329108,
  "log_rmse": 6.16793330082192,
  "log_pearson": 0.596688269503347,
  "log_spearman": 0.6601163420634814
}